{
  "usuarios": [
    {
      "id": "bceb",
      "nombre": "camila8",
      "correo": "camila8@gmail.com",
      "contrasena": "asdasdsa",
      "es_user": true
    },
    {
      "id": "1d5e",
      "nombre": "robertoandres378",
      "correo": "robertoandres378@gmail.com",
      "contrasena": "andressss1212",
      "es_user": true
    },
    {
      "id": "5779",
      "nombre": "cristiancloser7",
      "correo": "cristiancloser7@gmail.com",
      "contrasena": "asdas",
      "es_user": true
    },
    {
      "id": "bc70",
      "nombre": "instosmoiso",
      "correo": "instosmoiso@hotmail.com",
      "contrasena": "sdasdasdasd",
      "es_user": true
    },
    {
      "id": "602a",
      "nombre": "lola22",
      "correo": "lola22@gmail.com",
      "contrasena": "f1231254",
      "es_user": true
    },
    {
      "id": "bb23",
      "nombre": "santiagy",
      "correo": "santiagy@gmail.com",
      "contrasena": "gy1000",
      "es_user": true
    },
    {
      "id": "7b44",
      "nombre": "hasdjashd",
      "correo": "hasdjashd@gmail.com",
      "contrasena": "asdasl4412",
      "es_user": true
    },
    {
      "id": "8c94",
      "nombre": "maiclolesg",
      "correo": "maiclolesg@gmail.com",
      "contrasena": "asjdksbdaksdk",
      "es_user": true
    },
    {
      "id": "312c",
      "nombre": "prueba",
      "correo": "prueba@gmail.com",
      "contrasena": "ksj12345",
      "es_user": true
    }
  ],
  "eventos": [
    {
      "id": "1a2b",
      "name": "Cristian",
      "descripcion": "crear span",
      "capacity": "20"
    },
    {
      "id": "13sd",
      "name": "Don Quijote de la Mancha",
      "descripcion": "Miguel de Cervantes",
      "capacity": "16"
    },
    {
      "id": "7b9b",
      "name": "daniel",
      "description": "hacer la tarea",
      "capacity": "50"
    },
    {
      "id": "d60d",
      "name": "asdasd",
      "description": "asdasd",
      "capacity": "50"
    },
    {
      "id": "976b",
      "name": "un evento",
      "description": "vamos por más",
      "capacity": "50"
    },
    {
      "id": "cbbf",
      "name": "santi",
      "description": "hacer arroz",
      "capacity": "20"
    }
  ]
}