ID,Nombre del Usuario,Número de Documento,Dirección,Teléfono,Correo Electrónico
23,Andrés López,1029384756,"Calle 45 #10-23\nBogotá",312-555-9087,andres.lopez@mail.com
24,María Torres,6789054321,"Cra 12 #5-89\nMedellín",301-334-1289,maria.torres@mail.com
25,Carlos Pérez,9988776655,"Av. Siempre Viva 742\nCali",3.187.645.567,carlos.perez@hotmail.com
26,Laura Gómez,8877665544,"Calle Falsa 123\nBarranquilla",315-776-4321,laura.gomez@mail.com
27,Juan Herrera,6655443322,"Cl 15 #8-14\nPereira",320-908-7765,juan.herrera@correo.com
28,Paula Ríos,5544332211,"Cra 30 #45-12\nBucaramanga",312-675-9988,paula.rios@mail.com
29,Diego Martínez,4433221100,"Av. Libertad 20\nCartagena",300-567-9823,diego.martinez@mail.com
30,Ana Ramírez,3322110099,"Cl 50 #21-43\nCúcuta",301-728-4562,ana.ramirez@mail.com
31,Pedro Castro,2211009988,"Cra 9 #7-33\nNeiva",313-981-2323,pedro.castro@mail.com
32,Luis Fernández,1100998877,"Cra 5 #11-19\nManizales",310-786-5423,luis.fernandez@mail.com
