{
  "usuarios": [
    {
      "id": "bceb",
      "nombre": "camila8",
      "correo": "camila8@gmail.com",
      "contrasena": "asdasdsa",
      "rol": "usuario"
    },
    {
      "id": "1d5e",
      "nombre": "admin01",
      "correo": "admin01@gmail.com",
      "contrasena": "claveadmin123",
      "rol": "admin"
    },
    {
      "id": "dcc0",
      "nombre": "daya",
      "correo": "darya@gmail",
      "contrasena": "1234",
      "rol": "admin"
    },
    {
      "id": "af77",
      "nombre": "santiago",
      "correo": "santigo@example",
      "contrasena": "1234",
      "rol": "admin"
    },
    {
      "id": "55ec",
      "nombre": "santi",
      "correo": "santiusuario@gmil",
      "contrasena": "1234",
      "rol": "user"
    },
    {
      "id": "6560",
      "nombre": "lucas",
      "correo": "lucas@gmail",
      "contrasena": "1234",
      "rol": "user"
    },
    {
      "id": "2426",
      "nombre": "jeff",
      "correo": "jeff@example",
      "contrasena": "1234",
      "rol": "admin"
    }
  ],
  "eventos": [
    {
      "name": "concierto",
      "description": "bandas de rock y pop en medellin",
      "capacity": 500,
      "id": "fe0b"
    },
    {
      "id": "bb02",
      "name": "estudiar ciencia",
      "description": "como intentar negar a dios y fracasar",
      "capacity": 5
    },
    {
      "id": "5705",
      "name": "Estudiar Programación",
      "description": "crear una pagina web con html, css y JavaScript",
      "capacity": 100
    }
  ]
}